cluster,cluster_name,opening,reviewText,star_rating,helpfulness_votes,word_count,domain
0,Product Reference,"The immediate follow-up to ""Prince Caspian,"" ""The Voyage of the","The immediate follow-up to ""Prince Caspian,"" ""The Voyage of the Dawn Treader"" is one of C.S. Lewis' classic Narnia series, and contains all the magic, wonder and adventure of the others in the series. Maybe more.
Like most of the Narnia books, ""Voyage"" takes little time to get moving. Edmund and Lucy are staying with their mean and arrogant little cousin Eustace (Peter and Susan are excised from the story for being too old), when the three children are pulled into the world of Narnia. Edmund and Lucy are delighted to have arrived, but Eustace is bitter at the situation. He is made even more bitter because of where they appear: In the middle of the ocean, where they are picked up by King Caspian on his ship, the Dawn Treader.
Caspian is in the midst of a grand journey in which he is trying to sail to the end of the world. Tossed into the mix is his quest to find seven companions of his father, who fled Narnia when the bad folks from ""Prince Caspian"" took over. The entire plot is little more than an excuse to sail to lands unknown and explore the most fantastic sights Narnia has to offer. The story does not fail in that endeavor.
While it begins as Another Narnia Adventure, ""Voyage"" quickly becomes an exploration adventure of the most classic kind, an archetype of a tale in which every action drives the characters towards the next episode and the next land of wonder. Like other timeless tales of this type, the device is remarkably effective in keeping the reader's interest and repeatedly engage one's sense of awe.
Naturally, there are Lessons thrown in for good measure. Lewis can occasionally grate with moralizing, but ""Voyage's"" moral tales are not grating in the least. Most are tales that have been told time and again throughout mankind's history. Each island has its own little moral message, but they are subtle, fit with the story well, serve the sense of wonder the reader feels, and never intrude on the tale. That's a welcome thing.
In the end, no terrible bad guy is vanquished. No kingdom is won. Nobody turns out to secretly be royalty. None of that. It simply ends when the quest is done. And that end satisfies.
""The Voyage of the Dawn Treader"" may be the very best of the Narnia books and a journey for the ages. Here, Lewis crafts a classic tale of a fantastic journey, and he does so with a finely balanced sense of pacing. ""Voyage"" never fails to be engaging and will surely delight readers both young and old.",5.0,4.0,440,Books
0,Product Reference,This guide book covers a wide range of habitats: from,"This guide book covers a wide range of habitats: from the jungle tropics to the southern tip of the continent and even Antactica. If you are going to be traveling widely, this guide might well be your best bet. The illustrations are good and the descriptions on the facing page are quite useful. The major drawback is that the distribution maps are at the back and that's annoying. (Once you've found an illustration that seems to identify the bird you're seeing, you need to note both the plate and illustration number before heading back to the range maps to see if it's likely to be found in your present location. All too often I found that wasn't the case!)

If you're going to do your birdwatching in or near the mountains or along the southern coast, I'd suggest that you carefully consider, instead,  Birds of Chile by Jaramillo et al, a Princeton Guide. It's a superb field guide with many illustrations of the birds in flight, as well as sitting still; its descriptions are excellent and the range maps are on the facing page. I bought a copy of it on my return from Patagonia and it's definitely the guide I'll take next time -- not only to Chile, but to southern Argentina, as well!",3.0,27.0,215,Books
0,Product Reference,I needed this cable 4-pin to 4-pin to get Hi-8,"I needed this cable 4-pin to 4-pin to get Hi-8 digital video from a Sony camera uploaded to an XP laptop I have (my work laptop, actually).  Since Sony chose not to write the drivers necessary to accomplish this with Vista 64, I needed to buy this cable.  Sony, customer-friendly fellas that they are, wanted to charge me $39.99 for the cable and said they couldn't get it to me for a couple of weeks.  I don't remember what I spent on the Belkin cable, but it wasn't much north of ten bucks and it got to me two days later.  And it works.

But I won't be buying any Sony products any time soon.",4.0,3.0,115,Electronics
0,Product Reference,"I bought this volume control for sports activities. Big mistake,","I bought this volume control for sports activities. Big mistake, it lasted for less than three months, the cable connection to the volume control is broken. The potentiometer that adjusts the volume is a piece of crap too. Don't buy this product for sports use.",1.0,2.0,45,Electronics
0,Product Reference,Never got a clean crimp with this (even when using,"Never got a clean crimp with this (even when using Belkin-brand plugs, what's worse). It doesn't strip small gauges or even a CAT5 jacket properly. Sometimes the catch accidentally slips in. Plus it's heavy.",2.0,3.0,34,Electronics
0,Product Reference,What a wonderful story! Starts as classic pirate romance novel,"What a wonderful story!

Starts as classic pirate romance novel - sailor who is ready to get what he wants and maiden who does not want the sailor. Almost like The Taming the Shrew. Even after the maiden is abducted, I still thought that it's all part of the sailors plan, for taming his wife to be. That's when the first twist comes into the story. The story is full of twist and turns, and the minute you think you know what will happen next, it might go that way or not.

It's a story full of love and passion, fear and grief, trust and hope. It is wonderfully written, nice tempo, nice fluidity. Reminds me a lot of Barbara Erskine books, or should it be the other way around, since Lion Triumphant is written almost 40 years ago and Barbara Erskine first book was published some 30 years ago. But the way, how Philippa Carr mixes real historic events into her novels are very enjoyable experience.

It is good change from contemporary and modern romance novels.",4.0,2.0,177,Books
0,Product Reference,but not so much more than the jewel cases. The,but not so much more than the jewel cases. The Pros: they don't crack and the size is great.  Con: they do seem to have a problem staying latched.,3.0,2.0,29,Electronics
0,Product Reference,"THIRD GIRL has an ending that always surprises me, andI","THIRD GIRL has an ending that always surprises me, andI must have read the book ten times or more, the plot if so complex I can only barely remember how it comes out.  I feel the book is a greta evocation of Swinging London of the 1960s and that it should have been filmed back then, maybe with the following cast, Rita Tushingham as poor Norma Restarick; Tom Courtenay as Dr. Stillingfleet, her psychiatrist who falls in love with her; Vanessa Redgrave could have played Frances Cary; Terence Stamp could have been David Baker, the ""Peacock.""

I wonder if Christie ws thinking back to her own early vocal training when she gave NORMA and LOUISE their names, because of course they were famous French operas at the time Christie was studying in Paris.  ""Louise"" was written by Charpentier, and that becomes her last name, a coincidence no one remarks about in the novel itself.

It is a book in which Christie seems to be reviewing her own astonishing career.  Mrs. Oliver suggests that she might write a book in which a child commits a murder: ""Not meaning to, but just by her father telling her to give her mother a drink made of pounded up box hedge,"" thus neatly conflating the plots of two much earlier novels from the 1950s, CROOKED HOUSE and A POCKETFUL OF RYE.  I thought also the glamorous fresco painted on the living room wall of the flat where the three girls live, a harlequin leaping into space, harked back to one of Christie's famous characters, Harley Quin from THE MYSTERIOUS MR. QUIN and may have provoked Christie to think further about Quin, because as we know she was soon to return to him after not having written about him for 30 years, in THE HARLEQUIN TEA SET.",5.0,5.0,302,Books
0,Product Reference,The first one of these I had for 9 months.,"The first one of these I had for 9 months.  My internet speed started going slower and slower.  I had my ISP provider out several times to check the line, speed was fine.  Never thought it might be the router, until I read several review on this piece of equipment.  The router just went out, so I bought another one.  Worked great for 10 minutes.  Now I have no internet connection unless I hook my PC directly up the the DSL modem.  This is going back to the store and I'll never buy another Linksys router/switch/hub again.",1.0,4.0,97,Electronics
0,Product Reference,"Unlike many of the other Minidisc owners on here, I","Unlike many of the other Minidisc owners on here, I happen to like MP3. The minidisks are great....but for something small and light to tuck in my pocket, nothing beats the Rio! It's at least half the size and a third the  weight of my minidisk player. And yes, the size DOES make a difference to  many people.
I love getting free MP3's off the web, and while I *could*  put them on minidisks, I like being able to every day or so put a  completely different assortment of songs on the Rio to listen to. It's  certainly not much harder than recording a disk and I'm one of those people  that can listen to favorite songs over and over so a little repetition  doesn't bother ME any.
Unfortunately, the Rio is not without faults. In  fact, I have a hard time recommending it. 32 meg is definitely NOT enough.  I got a Flash card, and have started having varying problems, first with my  memory being unusable, and then having small chunks become corrupted. Am  now having problems with the player intermittently stopping on its own and  freezing up so I have to remove the battery. Oh, should mention that the  first Rio I got had a broken battery compartment and was returned. Am still  waiting on my rebates. HATE not being able to use it on Windows NT, and not  having USB. And the headsets that come with it are worthless for many  people. Personally, I'm not sure I even want to try the later Rio models,  as I've had so much trouble with this one in only a few months of owning  it.",2.0,17.0,275,Electronics
1,Acquisition Narrative,Bought this bag specifically to take to the Galapagos Islands,"Bought this bag specifically to take to the Galapagos Islands for my D200. Carried my D200, a 70-300mm and 24-85mm lens with no problem, I also carried on a regular basis my Epson P-5000 photo viewer and all the additional batteries, cards, and cables. Sometimes I even used the left over space for water bottles. Its a good compact little bag. I dragged it all over 5 different Islands over a course of 25. It went everywhere with me and took everything I threw at it. Good Choice here.",5.0,4.0,89,Electronics
1,Acquisition Narrative,An entertaining and sometimes insightful series of sketches about ex-pat,"An entertaining and sometimes insightful series of sketches about ex-pat life in Delhi. A good gift for someone traveling that way, fun to read in the city.

I'd also recommend Rohinton Mistry's _A Fine Balance_ if you're going to India--for the perverse reason that it is so overwhelmingly depressing that it nearly adequately prepares first-time visitors for the experience. Incidentally, Mistry's book is also interesting on Indian history, and a beautifully well-written and plotted novel.

Two very different books, but a good pairing for visitors--armchair or otherwise.",5.0,2.0,87,Books
1,Acquisition Narrative,I bought a copy of this years ago and remember,"I bought a copy of this years ago and remember it being better, but reading though it now after having spent a good amount of time in the woods, I'm not impressed.

Too many topics on a skill are given a sentence or two at best, while actually performing that skill well would take literally hours (or days) of troubleshooting and hands on practice. There are very few tips and tricks offered, only lip service to the general principles of a topic.

This book might be useful in helping someone figure out what they don't know, but I wouldn't recommend it as a resource for people to learn from.

The author may be very knowledgeable on these topics but this book seems to want to cover too much, without sufficient detail.  I would much rather see it split up into 5 books with 5x the detail in each book.

Bushcraft by Mors Kochanski covers camp-craft and woodland survival (shelter, fire, tree-felling, coradage making, etc)  in much greater detail, and pre-dates this book by decades.  I learned far more from that book than I have from this one.  Some of the info on wild edibles is worth keeping around for reference, though.",2.0,3.0,201,Books
1,Acquisition Narrative,My home suffered a lightening strike and I lost about,"My home suffered a lightening strike and I lost about $3,000 worth of equipment that was not protected by surge protectors.  The equipment that was protected by Trip-Lites all survived.  I also use these at work.  My lead technician, and old hand, swears by them so I bought some for at home.  Glad I did.  I just ordered three more to protect the equipment I'm replacing from that last lightening strike. I'll be ready next time.",5.0,2.0,76,Electronics
1,Acquisition Narrative,Heed all the reviewers who say to get a switch,"Heed all the reviewers who say to get a switch rather than a hub! Especially with this one: it's dirt cheap in price but not quality! On this, each port has a dedicated 100 Mbps (or 200 in full duplex) of bandwidth.
The only 'downside' is that the 5th port and the Uplink are shared, so you can only use one or the other. Seems to be standard on the smaller-sized Linksys products though, not a big deal. (This is even better if you can get it on sale but even on Amazon.com it is very reasonable!).
I have read that some top brands are better than other top brands. I haven't had much experience with using a wide variety of network equipment brands, but as far as Linksys goes I am completely satisfied. I have two BEFSR41 Cable/DSL Routers, several NIC's (network cards, LNE100TX, across several release versions), their dual intigrated 56K modem/Fast Ethernet PC Card (awesome, and no dongle!), and now this switch from them, and I don't have any complaints - they will continue to be my first choice.",5.0,3.0,182,Electronics
1,Acquisition Narrative,I first bought this transmitter as an alternative to the,"I first bought this transmitter as an alternative to the pocket wizards. Most of the work I do with this transmitter is outdoors. Greats pretty good outdoors, even if both, the flash and the receiver are under direct sunlight (flash has fired every single time). Of course, since it is an infrared wireless trigger system, the only limitation you have is that the flash has to be in front or above the camera to be triggered. Outdoors, you have to be within a horizontal  working distance of 10-15 feet, and you can be about 30 feet away from the flash within the horizontal working distance (although most of us, will be working within 12 feet of our subject). I would highly recommended. i even got to use it with an umbrella directly in front of the flash, and the flash could still be triggered without any problems.",4.0,2.0,147,Electronics
1,Acquisition Narrative,Any reader of Bulgakov already knows from his other works,Any reader of Bulgakov already knows from his other works that he was a rare talent whose gifts were all too suppressed by the Soviet state.  These interconnected stories about a young physician assigned to a country clinic are fascinating.  I recommend them highly.,5.0,2.0,44,Books
1,Acquisition Narrative,I bought this in 2003 for driving between the town,"I bought this in 2003 for driving between the town I work in and my home town 2 hrs away on I-40 thru Arkansas, A LOT OF HIGHWAY PARTOL. I picked up truckers far enough ahead, 3-5 miles that I could hear talking when cops were moving. It saved me many times. The weather bands pickup very well on this radio. I later bought a replacement radio from Radio Shack that completely sucked. The weather bands would bearly ever pickup so I was missing this radio. I more recently, 2012, put a full size CB in my SUV and there is hardly any air traffic. The problem about using a CB radio these days for driving alerts is that truckers all now use cell phones and rarely ever speak on the CB, it is as quiet out there as it has ever been. So unless you are using this for communicating on a trip with another vehicle in a group, then it is pretty much useless. CB's, as far as my opinion, are history. A Marine/UHF radio is better these days as far as communicating or those GNRS radios, some of which can speak out to 25 miles on a good day.",4.0,4.0,202,Electronics
1,Acquisition Narrative,I managed somehow to never read this book as a,"I managed somehow to never read this book as a youngster but corrected that when I was in my 20s.  Since it had been so many years (about 30) and I was getting ready to read&nbsp;<a data-hook=""product-link-linked"" class=""a-link-normal"" href=""/March/dp/B0029WILXU/ref=cm_cr_arp_d_rvw_txt?ie=UTF8"">March</a>&nbsp;by Geraldine Brooks, I wanted to go back and re-read this first novel.

As many other reviewers have said, this story starts off quite slowly and I was initially disappointed.  It wasn't the book I remembered.  Deciding to stick with it, I kept going and it picked up steam as it went along becoming the book I enjoyed previously.

I wonder how young girls react to this now when ""The Hunger Games"" and ""Gossip Girl"" seem to be the norm and are so vastly different from this.  The early stages are sugary sweet and there is quite a bit of preaching on religion and morals throughout that might make the younger ones roll their eyes a bit.  While it has largely aged well, it must be read for the time period in which it was written.

I am very glad I re-read it as an adult.",4.0,17.0,184,Books
1,Acquisition Narrative,I agree with those who found some parts slow and/or,"I agree with those who found some parts slow and/or confusing, but I was stopped short over and over by passages that left me wondering how the author was able to craft descriptions in ways that every English teacher should use as exemplars when teaching figurative language elements! Scrumptious!",4.0,2.0,49,Books
2,Evaluative Positioning,I wasn't exactly sure why I purchased the most expensive,"I wasn't exactly sure why I purchased the most expensive mp3-cd player I could find, but I was sure there was a reason. This thing rocks. I've had mine for about a week now and feel that I've played with it for enough hours. First let me say I'm still on the first set of batteries, which is very cool. When the shock protection is on (120 seconds) in mp3 mode it actually reads the first 2 minutes of a song into memory in under 20 second, for the next 1:40, it lets the CD spin down, saving battery life.
The ability to lock the main unit without locking the remote (in any combination such) is very nice too. I leave mine in the back compartment of my backpack, and just run the remote out to one of the straps, controling it from there.
One thing I'd like to see that would possibly bring the battery life out to 20+ hours would be to disable the backlight, especially when the remote is in control of it. the case is nice, but the belt loops on the back are un-needed. I cannot imagine putting this thing vertically at my belt, and this is coming from a person who carries a Leatherman, a Maglight, and a Cell Phone on his belt every day!
Another feature I'd like to see is the ""skip 10 tracks"" button put on the remote. It's not all that useful on the unit because you can just go into directory navigation mode there.
The main problem with the unit I've had so far is that when the CD has spun down it takes a LONG time to do track skipping. The initial load time as it cache's the FAT table is understandably yet annoyingly long - it takes about 15-20 seconds after you hit ""play"" to hear anything at first.
Overall, however, I've been very happy with this unit, as has everyone else I know who owns one.",5.0,7.0,330,Electronics
2,Evaluative Positioning,"This is the first Sharpe novel I have read, although","This is the first Sharpe novel I have read, although I did catch some of the TV series.  I am not a fan of multiple formula novels churned out by lazy writers, and I was suspicious of this series.
But Cornwell has done something different here.  He has taken real events, from the career of Arthur Wellesley (later the Duke of Wellington).  Then he has inserted the character of Richard Sharp, a canny ex-thief ranker in the British Infantry.  One of the men Wellington was to describe as ""Scum of the Earth"" after Badajoz.  From the viewpoint of Sharpe we see the business end of the British Army, a worms eye view of the rise of Wellesley and the Indian and Peninsular campaigns.
What you are getting is real history fleshed out with a cracking good story.  And it is very well done!  I am very tempted to dig further into this substantial series of books.  I can see why they have become so popular.",5.0,2.0,165,Books
2,Evaluative Positioning,I've owned a Collins gem Portuguese dictionary since the 1970's.,"I've owned a Collins gem Portuguese dictionary since the 1970's.  I have carried it for years when I needed it.  I have worn off half the cover from use. (Yet the binding is still intact, and there are no loose pages, so you know it is of good quality.)  The 4th edition is the current edition.

Having used all the various editions, and still using them all as I keep one in various places at home/office etc., I can compare the strengths and weaknesses.

First of all, the Collins gem dictionary is the best portable dictionary around.  I have used or examined all of the others and thrown or given them away because the Collins is the best.  It is written clearly, has the most words, and contains as much information as possible for a small book.  It is truly pocket size, meaning it will fit in your shirt pocket.  Over the years it has gotten a little thicker due to more words, more definitions of each word, and thicker paper.  I personally think it's about a half inch too thick to be really comfortable in my shirt pocket, but unless you can find an older, thinner version with the onion skin paper, this is the best you can do.  I do have concern that the newer, thicker paper might not wear as well.  The onion skin paper seems to hold up better in my 50 year old Bible, and I wonder if this new paper will be as durable.  (I guess I'll find out in another 30-50 years)

This edition (4th) has a plasticized cover so it won't break down like my 30 year old copy.  It also has more entries under each word.  For example, a common verb like the English ""run"" has dozens of definitions. It would be impossible to list them all in a pocket dictionary, but the latest editions have more than the earlier editions.  This makes it more likely to get an accurate translation of a word.  This edition also has better explanatory pages listing verb conjugations and the like.  Unless you could already conjugate ""ser"" - ""to be"" - how would you otherwise know that ""seja"", ""fui"", and ""foram"" were all forms of ""ser""?  However, the dictionary still only lists ""see verb ser"" under these conjugations.  There is plenty of room on the line next to ""fui"" to define it (""I was"") rather than just refer to another page.  But it continues to improve over the years.

For more formal translation work, or to use on archaic literature, I use a more complete dictionary - Novo Michaelis.  Its 2 volumes are about 18 inches thick and anything but portable, however.

I recommend getting books from the US or Europe, rather than Brazil.  Brazil, though fairly literate, has the lowest number of bookstores in the developed world per capita.  This lack of a market means that the in-country publications are of poor quality and poorly edited and proofread.  I rarely saw books in a Brazilian home unless they were schoolbooks, sciptures, pornography or in a teacher or intellectuals house.  Lately, Brazilian publishers have taken to just publishing crooked photocopies that are often unreadable in their books and it can be difficult to even find a brand new book that doesn't already have a broken binding or loose pages.

For travel, or ordinary translation needs, this will serve quite well, and though I am quite fluent in Portuguese, I still use this most often when I need help to translate some literary word I have forgotten or never learned.  Highly recommended from this user of 30 years.",4.0,6.0,602,Books
2,Evaluative Positioning,the merits of this work by christie lie as i,"the merits of this work by christie lie as i see them, not in the logical procedures of the detectivews work, or spy, but in the connection between the author's style, and the reason for the novel being wriiten. christie writes, from the height of her years, that she sought to rationalize the violent changes to society, several decades after such horrors should have been expunged when ww2 ended. the world wasn't playing like a gentleman. the style chosen, is very similar to that of several noted adventure writers from sir anthony hope, whose ruritania adventures are mentioned, to sir arthur conan doyle (not much liked by christie, one should note) and specifically his story ""the final problem"" which is alluded to in a character which i shall not reveal.

it is true, that in the late 1960's espionage novels were very different in style from those that christie knew and assimilated in the early 20century, and thus one may feel as though sir anthony hope reappeared not much changed after 90 years, but christie is well aware of the discrepancies and presents them in a playful way. the result is not only a fond farewell to a much more sensible and sporting sense of skullduggery, but a concious addmission of personal anguish at seeing all sens flee from even the world of crime, not only the world itself.

nobody blamed sir arthur conan doyle when he wrote serlock holmes into the general attempt to make sense of the horrors of ww1 in ""the final problem"". neither did we grudge superman and tarzan when they fought hitler. can we thus grudge agatha christie's small and playful last-ditch-attempt at making sense in a world gone mad?
i don't think we should, or can. this book is fun.",5.0,3.0,296,Books
2,Evaluative Positioning,"Despite most people giving this lens a five-star rating, i","Despite most people giving this lens a five-star rating, i did not see anything overly great about it. Six hundred dollars buys you great build-quality- a metal mount, a real manual focusing ring, and a USM motor, but in practice this lens didn't perform much better than one of my Cheap Nikkor 55-200mm f/4-5.6 zoom lenses. Like a few of my photographer-friends pointed out you pay for durability and optical quality, and you get those things with this lens. In my opinion, you could get just as good results with a general-purpose zoom lens- and this lens is not much faster than a regular zoom lens either. The lens hood wasn't that great either. It does its job, but it doesn't stay in place (it doesn't lock on). It's made of a great material inside though. I am sure most people reviewing this product here are professional photographers. I, however, am representing the at-home amateur photographer on a budget. The quality of the glass may be better, but in the end, i did not see a four hundred dollar difference (considering the cheaper zoom lens was $200 dollars). I found this lens great for portraiture, but it performed basically identically to my cheaper lenses with other subjects like flowers.

In conclusion, you get a little sharper results and MUCH BETTER build quality with this lens. Do you get your money's worth? I do not feel you do. Perhaps it would be a wiser decision to save up a lot more and spend your money on the 70-200mm f/2.8L IS lens. I learned my lesson with this lens, and am going to stick with cheaper, sharper, prime lenses. If you are on a budget, you should perhaps spend your money differently.

If you want to share an opinion with me, you can contact me at nathangrammatico@yahoo.com, or nathan_grammatico@hotmail.com. I am not giving Canon a bad name, i am expressing my opinion.",3.0,21.0,320,Electronics
2,Evaluative Positioning,Had to wait until I finally got my DSL working,Had to wait until I finally got my DSL working then connected 3 computers to the unit. All my computers are in the same room so wireless seemed like a lot of wasted money and time setting up. Everything works very well. I have recommended to my younger brother to get one. Great product.,5.0,5.0,54,Electronics
2,Evaluative Positioning,I teach British Literature and find the price is right,"I teach British Literature and find the price is right for my students, the book size is a bit too small, and the intoductory and closing notes and essay are very good.",4.0,2.0,32,Books
2,Evaluative Positioning,"You know, I've read reviews saying that these books are","You know, I've read reviews saying that these books are trying to shove religion and Christianity down children's throats, but I speak from experience. I grew up with my Dad who is a very strict Catholic, and I never caught the religious symbols. I saw the battle between Good and Evil, I saw the choices between Right and Wrong and the struggle between Willpower and Desire. I saw a lesson for children of any religious or racial background. C.S. Lewis wrote about the good creator, Aslan, and about evil in many forms. And if he were really trying to tout his message, fauns, centaurs, Lions, conscious talking animals, etc. would not have been used. I believe he just wanted to give children and truly enjoyable story with a message of the difference between Good and Evil and how to be a Good, Cosciencious person!
It worked for me, while other kids were playing video games and reading books that were either non-sensical or rather violent, I was becoming a deep thinker. These books helped me to become older than my age. They gave me something to believe in while fighting my way through the ignorant persecution of the mindless children around me. I did find a sort of spirituality, but not in a dominating religious way. I found the inherent goodness in life, the belief in powers not conceivable by humans and the peace that comes from this knowledge, that some things are meant to be and that we do have others watching over us.
As for any racial/sexist inuendos, you have to keep in mind that these books were written at a time when the bad guys tended to look a bit Middle-Eastern, it was simply an early 20th Century British outlook, an unconscious racism. C.S. Lewis would know better today, but then he probably didn't even consider it. Besides, all the Evil people ARE NOT Middle Eastern! What about The WHITE Witch? Tall, fair and CAUCASIAN! As was the Witch/Serpent of The Silver Chair. Caspian's EVIL Uncle Miraz was WHITE too! And as for the girls not fighting, that was C.S. Lewis' personal knowledge. He fought in WWI, he knew what a gory, awful sight war was. He was protecting the girls from being damaged by such horrors.
Now to get to my other point. THIS Numerical Chronological Order is as it was INTENDED. Here's a rundown:
#1.) The Magicians Nephew: Creation of Narnia, first humans to enter the land come into play.
#2.) The Lion, The Witch and The Wardrobe: Peter, Susan, Edmund and Lucy enter Narnia via the Wardrobe which was made possible by an object brought back to our world because of the Magician's Nephew.
#3.) The Horse and His Boy: Peter, Susan, Edmund and Lucy are still in Narnia at this time, it involves a bit of backtracking but cannot be read before The Lion, The Witch and The Wardrobe OR after Prince Caspian, because by then, The Pevensies have already come back again and are remembering their court days.
#4.) Prince Caspian: Peter, Susan, Edmund and Lucy are back again and find Cair Paravel much different than it was when they left. They must restore a new ruler to the throne.
#5.) The Voyage of the Dawn Treader: Prince Caspian is King and takes Edmund and Lucy on a new adventure.
#6.) The Silver Chair: Eustace is back again and must help King Caspian's son.
#7.) The Last Battle: A descendant of Caspian needs help yet again and all our old friends from all the previous books come back to find a surprise more wonderful that they ever could have possibly imagined!
This order makes the most sense. If you want to be suprised by the Professor, Lampost, etc. Then read the 2nd book (The Lion, The Witch and The Wardrobe) first and then read the 1st book (The Magician's Nephew) second to find out about all the stuff that happened before and why the lampost is there, etc. After that, proceed on as I have numbered the books above.
Honestly people, admit that it doesn't make sense to get all the way through all the visits with the Pevensies and getting to know Narnia well and then have to backtrack all the way back to the beginning JUST before you read the end! I can't understand why people continued to publish them that way. I know, I know, it is how they were first released. BUT, C.S. Lewis did that as an afterthought so that when more people read his books, they could know the story of Narnia so that they had something to build on by the time they read The Lion, The Witch and The Wardrobe!
Chronological order makes the most sense, backtracking back to the beginning and the Golden Age of Narnia can only be confusing! This boxed set has the right idea, Mix up the first two books if you must (meaning read #2 and I have numbered it first and then read #1) but please, don't read #1 and #3 right before reading #7 and after reading #'s 2, 4, 5, and 6! Backtracking through the ellapse of Time in Narnia is very silly. Who cares in what order they were written and published? Read them in the order in which TIME and the STORYLINE PROGRESSES!",5.0,11.0,889,Books
2,Evaluative Positioning,Notice how Amazon recommends purchasing together the Belkin cable and,"Notice how Amazon recommends purchasing together the Belkin cable and Fujitsu SnapScan???

Well I thought I would give myself more flexibility in positioning my scanner by using this longer cable.  And since it was recommended by Amazon that others purchase these 2 products together (and Amazon cuts you a deal to boot), why not get both???

BIG MISTAKE!  I spent hours reading every technical support item that came with my Fujitsu SnapScan to learn why my brand new scanner isn't ""recognized"" by any of my computers (after loading the drivers).  Luckily, it was too late to call technical support (they are only available from 5am to 5pm M-F).  So I took my new scanner home and slept on it.  When I woke up this morning, I thought let me try one more time:  this time I only used the products that came with the Fujitsu SnapScan = and it worked like a breeze!!!

LESSONS LEARNED:  BELKIN (and other manufacturers' products) MAY NOT BE COMPATIBLE !!!

So if you are using this product with Fujitsu's SnapScan = definitely pass.

And message to AMAZON:  Please do a little home work when you advertise bundled products.  I expected that your smarty pants technology guys would only suggest purchasing products which work with one another.",1.0,4.0,211,Electronics
2,Evaluative Positioning,I bought this item to go nature viewing and must,"I bought this item to go nature viewing and must say that it really is a great binocular for the price. The items viewed have a really nice 3-dimensional look to them and the diopter comes in handy even for someone with very bad vision like myself. The focus for this model (16 x 50 Wide Angle) is a flat tab between the barrels that makes it VERY convenient to use without having to look or stretch your fingers. It gives a very nice field of vision and has roll down eye cups, which is good just in case you want to wear your glasses or shades. The binoculars do shake a little b/c of the power of the magnification. And it can be a chore to hold for long periods of time b/c of its weight. It weighs about as much as one of Michener's hardback novels.

 Here is where it can get interesting. The binoculars come with a pleather carrying case, a really cheap neck strap that looks like a plastic shoelace, and a cheap cleaning cloth that is way too abrasive to be used everyday. I suggest replacing both the neck strap and cleaning cloth as soon as you can. The soft, microfiber cloths they sell in eyeglass stores works great. Plus, pick up some of the eyeglass cleaner (spray directly onto cloth, not lens) as it really gets the lens clean and protects any coating on the glass.

 Tripod use: highly recommended to get a steady picture. You can get a regular camera tripod for around 18 dollars. Yes, this binocular comes with a tripod adapter. No, it's not very easy to find.  The instruction booklet is virtually useless, but I found out through the website that the adaptor is located behind the front cap between the barrels. Just screw the cap off and viola, there is your threaded coupler. You will still need to get a binocular adaptor to connect the binoculars to the tripod, but I've found that they aren't too expensive: around 7-16 dollars for the generic models. I gave this item 4 stars b/c of the poorly written instruction manual and cheap accessories. Hope some of this info helps. Can't wait to see the stars tonight!",4.0,25.0,374,Electronics
3,Direct Evaluation,"Like so many other fans, I've waited a grand total","Like so many other fans, I've waited a grand total of 5 and a half years to read this book.

While there are many theories as to why it took Martin this long to pump out this sequel, the fact of the matter is that this book weighs in at over 1000 pages, exceeding even the massive A Storm of Swords. This many pages dedicated to A Song of Ice and Fire should be a boon to any hardcore fan of the books, in theory. But did it deliver?

I've got a somewhat simple rule when it comes to novels... the longer it is, the better I expect the book to be. In a world where an author demands this much of my time, their story had best be worth it, because there are always other books worth reading out there. The first four books, in my opinion, were all well worth the time. Did this one follow suit?

The good news:

+ Martin still meets his high standards for level of detail, and his world breathes as strongly as it ever did. In retrospect, I wish I would have brushed up on the happenings of the first four books again before tackling this one. 6 years is a long time to have to remember every nuanced character and noble family crest and lineage, and who fathered what bastard, etc. But it's all well worth it. More backstory on many, many characters, and we even get more slices of history, such as parts involving Robert's Rebellion (Honestly, if Martin had the time and inclination, I'd love to see a novel on this part of Westeros history).

+ If your favorite character was missing from A Feast for Crows, they got center stage here. Tyrion is a personal favorite of mine, and he helped carry this book for me, even if his character arc in this particular novel was well below the standards for Storm of Swords (Though to be honest, that is a hard act to follow). Daenarys also plays a major role (Well, the title sort of makes that obvious, I suppose).

The bad news:

- The POV character selection in this book is, by and large, about as organized as a ten year old's closet. As Martin himself states in the foreword (I only mention this to make it obvious I'm not spoiling much, if anything), some characters from Crows do pop up later in the novel. And they do. But each of them only gets one or two chapters, where not too much actually happens. Honestly, I'd have much preferred if he had left these snippets out and simply added them to the next book, rather than giving us tiny updates on characters that don't even really address anything that happened from Crows, with one exception. But, having read the ending, I can understand why he felt compelled to include what feels literally like a tiny slice of the next book.

And then, he brings in 3 new POV characters. As if he didn't have enough already. I understand the need for one of them later in the book, but another one only gets one chapter. I didn't get a chance to feel like it built any continuity with them, and when that happens, they feel unnecessary.

- Not too much actually happens in this novel. It's brutal, but the truth. Oh sure, some characters are left in peril, and others meet unfortunate ends. If you're a fan of this series, you already knew this was going to happen. But Martin spends almost all of those 1000 pages hyping three major conflicts, and where does the book end? Right before we learn what happens in any of them. I've heard stories of how Martin has struggled more and more to wrestle this story of his into prose, and I'm inclined to believe it. I know he's a big time veteran author with his own hit HBO series now, but the fact of the matter is that he needs an editor to help him pace his story if he really desires a return to the quality of his previous books.

Bottom line: Was it worth it? Yes and no.

Yes, because it's more A Song of Ice and Fire, and because this book sets up The Winds of Winter to be one of the most exciting books in the series.

No, because this book feels like nothing but filler and cliffhangers, when it should be able to stand on its own merit.

I can only hope this dip in quality can be rectified in the next book, and even more importantly, that I won't have to wait another 6 years to find out.",3.0,8.0,785,Books
3,Direct Evaluation,...you simply can't beat this deal! GREAT LITTLE TRIPOD! Does,"...you simply can't beat this deal!

GREAT LITTLE TRIPOD!

Does the job perfectly as a lightweight ""back-up"" tripod.

I do have another big, heavy tripod for windy days but plan to carry this one on hiking trails and long distance trips.

Just what I needed.",5.0,5.0,45,Electronics
3,Direct Evaluation,"This series of tomes are the ""one shop"" for all","This series of tomes are the ""one shop"" for all plays an sonnets of William Shakespeare. If you are either studying or enjoying Shakespeare, this is the product to buy!",5.0,4.0,30,Books
3,Direct Evaluation,I am a speech therapist and work in the schools.,I am a speech therapist and work in the schools.  Kids love these stories and it helps to not only learn pronouns (especially for my English learning kiddos who have difficulty differentiating he/she) but there are great vocabulary concepts in here.  Great buy.,5.0,4.0,43,Books
3,Direct Evaluation,"When I was young and sick in bed, a friend","When I was young and sick in bed, a friend of my parents brought me a beautifully illustrated volume of A Child's Garden of Verses.  He pointed out that Robert Louis Stevenson had also been a sickly child.  So I began to read these in bed with a fever and his poetry made so much sense.

The book has remained my favorite.  In the Kindle version I miss the beautiful illustrations by Fern Bissel Peat, but when I read the poems the pictures from the first book just pop into my head.  I still love them.  Having them on my Kindle brings a moment of peace to a Kindle so full of murder mysteries and strange happenings.

I recommend it for adults as well as children.",5.0,7.0,126,Books
3,Direct Evaluation,This is an excellent edition to have in one's library.,"This is an excellent edition to have in one's library. It helps in dealing with some of the translation debates. When some KJOs tell you that the KJV is the only ""perfect"" translation of God's word you can ask them which edition of the KJV they are referring to. If I had a dime for every time I've heard a KJO pastor or lay person hold their bible up and say, ""I have the 1611, God's word, and only the 1611 is God's word..."" I would have a pretty bank account. So few know that the bible they hold aloft is actually a mild revision completed in 1769. Most of them have never laid eyes on an original 1611 and if they did I'm sure they would be shocked to their socks that they could barely read the somewhat challenging 17th century King's English. You can show them this facsimile bible so they can see a picture of the real thing.

There are those KJOs who have argued that the only thing changed between the 1611 and the 1769 is the spelling. When you have a copy of this facsimile bible you will be amazed that they are in error. There are actual word alterations and some punctuation changes.

In Isaiah 14:12, the Lucifer verse, the 1611 had ""?"" at the end of each statement. But Lucifer was not being asked a question, he was having a proverbial statement delivered to him. In 1769, the ""?""s were replaced properly with ""!""s. The word ""shamefacedness"" which now appears in our 1769 KJVs was ""shamefastness"" in the original 1611. It has been fun to compare these kinds of changes while collating the modern KJV with the 1611 facsimile.

I find the font easy to read in this facsimile, although it is small. Seeing the original notes that the KJV translators placed in the margines--those marginal notes that staunch KJO defenders tell you never existed and are ""bad"" and ""misleading""--is most interesting. Also, a copy of the Translators to the Reader letter is found near the front of this facsimile, a must for anyone wanting to know what the original men of the translating committee thought and believed and what their intentions were in doing a ""better"" translation.

Next time your KJO friends tell you he uses the 1611 ask him if you can see it and then show him your 1611 facsimile bible...oh, and ask him if he can pronounce the spelling of the King's English. :)

I wonder if Peter Ruckman uses a facsimile. If not, someone needs to ask him if his Bible translation is ""perfect.""",5.0,18.0,436,Books
3,Direct Evaluation,"I read these books when I was in elementary school,","I read these books when I was in elementary school, and enjoyed them immensely.  The stories are both well written, fascinating, and represent and depict the deep moral values of CS Lewis.  The recent film adaptation of ""Lion, Witch and Wardrobe"" has yet again peaked interest in the stories, so I am zipping through them all over again.

I actually do like the chronological order to the books.  In this set they are presented in the order of the events in the history of ""Narnia"", not the publishing dates.  While I agree that this creates a bit more contrived and linear allegory, it nonetheless also creates a rich backdrop and tapestry for each successive book.

The connections between the ""Magicians Nephew"" and the ""Lion, the Witch and The Wardrobe"" for example bring the stories full circle.  Likewise the events in the ""Horse and His Boy"" actually take place within the ""Lion, The Witch and Wardrobe"" from a chronological perspective.  So, while purists may argue that they are best experienced as published, to the novice this order makes more sense.

Simply put, these stories are classic literature, and enjoyable for all ages. The stories are relatively short and can be fully experienced as a quick escape on a plane flight, and are not too long to be read aloud to your children.

The quality of this set is excellent, and while you can purchase a large single book with all the stories intact for less money, this set is of high quality and should provide enjoyment for the next generation as well. Very highly recommended!!",5.0,6.0,264,Books
3,Direct Evaluation,These are the best earbuds to buy at this price.,"These are the best earbuds to buy at this price. The sound is great and they are not so large as to be too uncomfortable to wear for long periods of time. The in-line volume control is an added bonus. Earbuds that cost 2 to 3 times as much as these don't have that feature. I have a more expensive pair of Sony earbuds that are rated higher in sound quality by ""experts"" but the size of the earbuds is larger and uncomfortable to wear for more than 30 minutes. If you are like me and have smaller ear canals, get these earbuds. If you want the biggest bang for your buck, get these earbuds. Paying [money] for earbuds is stupid if you can't wear them.",5.0,14.0,126,Electronics
3,Direct Evaluation,This is my first time with a film camera. When,"This is my first time with a film camera. When I started needing a camera, they had invented the relatively inexpensive digital camera. But there were things that a digital camera lacks, for one, quality printed photos for sharing with friends and family.
I too got ""suckered"" in by Amazon with this camera being offered in my Gold Box. ;) Got to love that implulse buying. But after having it for a couple of days and getting my first roll of film back, I see that it's a great camera.
The sharpness of close-up shots is really good, and I LOVE the auto-focus feature. It's good for when you're taking pictures of wildlife, and they don't hold their position forever waiting for you to take the picture. I also really like the pop-up flash and auto-light metering. It makes it really nice, not having to think if you have enough light for the picture to turn out right.
All in all, it's been a good camera so far. I recommend it to anyone looking for a beginner SLR 35mm camera. It's easy to use, lightweight, and it takes pretty good pictures.",4.0,4.0,191,Electronics
3,Direct Evaluation,Very good for the price. They are for long range,"Very good for the price. They are for long range use, not close up. These broke when they fell out of my car. I bought and returned two other binoculars and ordered another pair of these and am satisfied. I use them for bird photography to ID/observe birds that are at a distance.",5.0,2.0,53,Electronics
4,Specific Identification,"I purchased this DVD player in June 2000. In August,","I purchased this DVD player in June 2000. In August, it started skipping  and freezing discs out of the blue. It also started acting very strangly on  just about any disc that had extra features (which covers about 99% of all  DVDs). I had it cleaned, and checked out by a local electronics store, but  they could find no problem with it and suggested I return it or purchase a  better one. I've noticed that it skips more often about an hour into  watching a movie. The player is usually pretty hot at this point, even if  placed in a well open space. If I turn it off for an hour or two, and let  it cool off, the skipping would stop - until the next time it got too hot.  This is just not acceptable.
Samsung was my first DVD player, and I'm not  happy with it at all anymore. I got it because of the low price, but I  guess that old saying of ""you get what you pay for"" is true.  Buyer beware on this one. I suggest spending a few extra bucks, and going  with another brand. It'll save you the frustration of wanting to throw the  thing out the window when it starts freezing and skipping in the middle of  a movie you're enjoying very much.",1.0,13.0,221,Electronics
4,Specific Identification,Search the Seagate community forum on this one. It will,"Search the Seagate community forum on this one.  It will simply disappear from your BIOS at ramdom intervals and give you the blue screen of death.  I fixed all my PC problems by replacing this drive.
  Don't waste your time and money on this one.",1.0,2.0,45,Electronics
4,Specific Identification,"I bought a belkin router, and it kept disconnecting me","I bought a belkin router, and it kept disconnecting me every few hours.  I returned it to get this linksys rounter.
It is very easy.  Plug in the power, cable modem line, and line to the computers and your set.  This also gives a lot of options that admins might like, such as denial of internet access to ceratin accounts.
I also like it because it is slim, and fits right in my computer table.  The lights are logical, and i do not notice a loss in performance with other computers online.
This also comes with a built-in firewall that prevents most attacks.  The firewall also does not interfear with anything, so its a added bonus.
~hope this helps",5.0,3.0,119,Electronics
4,Specific Identification,"First of all, this product charges my Garmin 1450 very","First of all, this product charges my Garmin 1450 very slowly. I had it plugged in using this device for 3 hours and it still was not fully charged. You may as well use the blackberry cell cord to charge; it also takes this long to charge the device. The car charger will charge the 1450 fully in about 1 hour. Waste of my money.",1.0,7.0,65,Electronics
4,Specific Identification,How'd I ever miss this one? Hell at the Breech,"How'd I ever miss this one?

Hell at the Breech is the best book I've read in a while. The believable tale of a county sheriff who gets ground up between the abrasive forces of two opposing factions. Billy Waite, the sheriff, has honest compassion for each side. A case of an accidental death masquerading as a murder. Events just get out of hand.

Has the flavor of the times down pretty darn good. I had feelings for just about everyone represented in the novel, except for the cowboy wannabe. He performed nothing but bad deeds. I'm talking about dire. Franklin handled the lingo right smartly.

If I have anything to bitch about in this novel is that Franklin for some reason decided to give it the smell and flavor of a Western. In Alabama? Why? Other than that, the novel was great.

A Faulkner feed on a high school diet. Good 'nuff fer me.

Not enough stars in the skies for this one.

Extra-special read.",5.0,3.0,166,Books
4,Specific Identification,I've been using the eTrex for about 2 months. All,"I've been using the eTrex for about 2 months.  All GPS functions work marvelously.  However, the PC cable is a 9 pin female serial connector.  I haven't had a computer with this kind of connector for over 7 years.  Since I wanted to download my datapoints to a navigation program, I bought a ""Serial to USB"" connector from Radio Shack for $40.  After installing the connector's software, my laptop recognized the connector cable, but not the eTrex connected to it.  Best bet is probably to go with the Garmin cable for $60.  Which is outrageously priced.  Why they can't catch up with the real world of USB connectors is a mystery.  For handheld navigation though, it excels.",4.0,10.0,117,Electronics
4,Specific Identification,"I've been using Case Logic ""wallets"" to store my films","I've been using Case Logic ""wallets"" to store my films for several years now and am very pleased.  While it is true that the system that holds the pages can be a pain when you need to re-arrange your CDs or DVDs, it is in every other way a huge improvement over the typical 3-ring binder.  These pages WILL stay in place and never tear, come hell or high water.

I have five 336-disc cases and three of the 216-disc cases (and three 3-ring binders which I am replacing- I really dislike them).  It's a tough call deciding which size wallet to choose, assuming you need the storage; it's difficult to turn down the extra space as they sell for about the same price.  This is a significant cost difference, as two of the larger cases hold more discs total than three of the smaller ones. But the larger one is a bit cumbersome and awkward and it can be difficult to get started opening the zipper.  The 216-disc case is clearly easier to open, close, carry, and work with.

But both are excellent products.  They show no wear and tear after years, and there is no other system that can safely pack more films into so little space.  If my cases were full, I would have over 2300 DVDs on 40 inches of shelf space- that's more than 50 DVDs per inch!!  [NOTE: These numbers assume that you are not using up space in the case for cover art or any of the material that accompanies store-bought music or films.]

UPDATE: September 3, 2012- I can't believe almost five years have passed since writing this review! But I wanted people to know that five years on, the cases are in exactly the condition they were when I bought them.  Definitely a great product!",4.0,5.0,304,Electronics
4,Specific Identification,The Hardenbergs had limited means. The Seven Years War was,"The Hardenbergs had limited means.  The Seven Years War was expensive.  In 1788, when Fritz was nearly seventeen, Bernhard was born.  Erasmus was fourteen.  The father was the director of the salt mines.

In 1790 Fritz matriculated at the University of Jena.  On the first morning he attended a lecture by Fichte on Kant.  Fichte was the son of a linen weaver.  Fritz's history teacher was Professor Schiller.  In 1791 Fritz went to Leipzig.  After Leipzig and Wittenberg, Fritz was to be a trainee-clerk at the salt mines.  Fritz thought he could not endure life as a copying clerk.

Fritz wrote to Erasmus at the school of forestry.  He had fallen in love with a twelve year old girl, Sophie.  He had to go home for Christmas because Bernhard wanted to see him.  On his way home he was marooned in a snow storm.  He obtained permission to exchange letters with Sophie.  Sophie von Kuhn was being painted by a miniaturist.  Before starting work, Fritz went to see Caroline Schlegel and his other friends at Jena.

Sophie had a pain on her side.  She had tuberculosis of the hip.  At Weissenfels the Hardenbergs had a party.  Sophie and her father arrived.  Sophie had three operations.  Fritz's father was so moved by the physical suffering of Sophie that he gave her, illegally, a family property.  Sophie died two days after her fifteenth birthday.

Afterwards, Fritz wrote under an old family name, Novalis.",5.0,7.0,241,Books
4,Specific Identification,"Luckily for me, this is the first Madeleine Brent book","Luckily for me, this is the first Madeleine Brent book I read and also the first one that he/she wrote.

It got me hooked on his/her writing. Of course after you have read the next few books, you see that there is a definite pattern to his/her work. A heroine who is alone, friendless but with lots of spirit who manages to prevail over great adversity.

Part of the joy of reading a brent are the exotic locales although this book is set primarly in Britain. A unique writer who is head and shoulders above the rest.",5.0,6.0,97,Books
4,Specific Identification,That's what this book makes me think of. Edna St,"That's what this book makes me think of.  Edna St Vincent Millay wrote life is not one damn thing after another, it's the same damn thing over and over again. As for Perry Mason he was fond of objecting ""incompetent, irrelevant, & immaterial.  I think that pretty much sums up this book.  Unless of course you want to drag in JK Rowling who after her third book either fired her editor, or thought she was being paid by the word.  I see a distinct similarity.  Perhaps they both caught their hubris from Oedipus.",2.0,2.0,93,Books
5,Affective Stance,We got this to load up our DVD's into instead,"We got this to load up our DVD's into instead of trying to keep all the plactic cases organized in some kind of tower/shelving unit.  The main reason we did this was because our kids loved dispersing the dvd cases all over the room whenever they could.  We found that the dvd's fit easily into the sleeves, and that the case easly fit all the discs at full capacity.  We have noticed that the thing gets quite heavy when it's fully loaded, so it's not something you would want to put somewhere hard to get to, or where you might need to pull/access it from an awkward angle.  We also were a bit nervous getting rid of all our plastic dvd cases, but once we took the plunge, we haven't looked back.  We never referred to the chapter listings they provide in the case, and now, as soon as we buy a dvd, we immediately just remove the disc(s), place them in their new home - the nice case, and trash the rest of the packaging.  If more than half full, you really can't stand the case up on any of its edges without some kind of support, as the weight will work towards bending the sides of it and eventually making it collapse.  The kids have climbed all over it and it hasn't torn or become unfunctional, however the front and back have gotten creased from the kids playing with it/using it as a seat.  One thing to note, it that the inside cover disc holders, the ""quick access"" ones, start off very tight and makes it fairly difficult to remove if you slide the discs all the way down inside each space.  I am sure they would stretch with some time and use, but we never put many discs in them and they have remained a fairly tight fit.  All in all, a good case, and better than the DVD specivic case which has a spot for the cover art/chapters.  Who starts a movie in the middle and needs to refer to those instead of the on-screen chapter listing anyway?  We just opted for the regular CD/DVD pages and it has worked great for us!",4.0,2.0,367,Electronics
5,Affective Stance,I couldn't be happier with my Pentax 50mm lens and,I couldn't be happier with my Pentax 50mm lens and the proof is in the photos. It's worth every cent.,5.0,10.0,20,Electronics
5,Affective Stance,I was excited to begin my first Agatha Christie book,"I was excited to begin my first Agatha Christie book after hearing so much about her.  My 1973 hardback was picked up at a book sale.  I'm so glad that I read some reviews here to find that this is not representative of her work.  The plot has a resemblance to the TV show ""Cold Case"" in that it tries to figure out a crime from the past.  However, unlike the TV show, there are no flashbacks; so the past remains removed from the reader.  For each clue and discovery that either Tuppence or Tommy make, they seem to communicate it very imprecisely to the other, exactly the opposite of what I would think would make good detective work.  I kept hoping that the ending of the book would tie it together.  Although there was somewhat of an explanation about who the criminals were in the past and in the present, none of it was particularly clear or interesting.  Hannibal the dog was fun.  I think I will try to find an earlier work of hers, but my recommendation on this book is to pass.  Taxi!",1.0,2.0,186,Books
5,Affective Stance,I am not sure if Martin has simply lost interest,"I am not sure if Martin has simply lost interest in this project, has become distracted, or simply been overwhelmed...Or if editors have helped or hindered him. Though, I think it is telling that one of his editors admits he's left a book's worth of material on the cutting room floor.

The book somehow manages to feel both too meandering and too rushed at the same time. And I can't help but feel that some of his experience in writing scripts for the HBO series has rubbed off on how he writes the books. In fact, I'm certain of it.

If so, we're all the poorer for it.

I can't imagine events being wrapped up in two books, given what he chose to spend so much time on in this one...and we'll have to wait ten years to find out.

Martin was probably a bit too cruelly gratuitous in his cliffhangers. Reading this book might be a much different experience as part of a completed series, but taken alone, is painful, and not as re-readable as the first 3 books.",2.0,29.0,180,Books
5,Affective Stance,Very good lens for your DSLR if you don't want,Very good lens for your DSLR if you don't want to pay a lot of money for a Telephoto Lens.,5.0,2.0,20,Electronics
5,Affective Stance,I much prefer Sci-fi to fairy tales and downloaded this,"I much prefer Sci-fi to fairy tales and downloaded this to see if the kids would like it. THis book was written over 100 years ago but it is very understandable and engaging. I was very pleasantly surprised and unable to stop reading until I had finished the book. Although there are some aspects of fairy tales, the books characters and plot feel original.

Young Princess Irene is a typical little girl, very curious and precocious with a big heart, although being a princess, she does not lie and is well-behaved. She makes friends with a miner boy who saves her from the goblins when she accidently stays out too late, but can he save her from their plot to kidnap her?

After reading this, I am surprised that I had never before heard of George MacDonald. I will be reading more of his works.",5.0,10.0,145,Books
5,Affective Stance,I purchased this to listen to podcasts off my BlackBerry,"I purchased this to listen to podcasts off my BlackBerry Curve 8330 (Sprint).  I have found that the sound quality varies from podcast to podcast due to the level of compression used.  Generally I turn my BlackBerry up to full volume and almost do the same in my car stereo.  The sound quality is ok - it is a cassette after all.  The cord is not very thick so you need to be careful not to snap it or pull on it roughly.  I might try another adapter to see if there is any difference in sound quality.

Also, the Dolby noise reduction is a must, otherwise you will get a lot of hissing.  I would say overall the purchase was positive, perhaps my expectations were a bit too high.",3.0,2.0,130,Electronics
5,Affective Stance,So of course it thrills my heart that my two,"So of course it thrills my heart that my two nieces (2.5 and 5) like it too.

This book is really an early reader, it's not *intended* for children under that age, though of course it can function as a read-aloud for little-little ones. (Not always - my younger niece won't always sit through this one, it's a bit long!)

There are two running plots in the book, one about hats, and one about where the dogs are all ultimately going; these two plots meet marvelously at the end of the book. (For *months*, I couldn't go a day without having to re-enact ""Do you like my hat? I do, I like that hat, what a party hat!"" with the older niece!)

Most of the book, however, is caught up with just basic vocabulary words, mostly about dogs - ""One dog going in, three dogs going out"" or ""The sun is up, the sun is yellow, the yellow sun is over the house"".

This can be a little tedious, but I the kids don't seem to think so - even at their fidgiest, they want me to say every word.",4.0,3.0,190,Books
5,Affective Stance,Victoria Holt was one of my favorite authors when I,"Victoria Holt was one of my favorite authors when I was younger. A master storyteller, she would consistently weave a story that would have the reader turning the pages. This work of historical fiction is one of her best. Riveting from beginning to end, this fictional autobiographical account of the life of Marie Antoinette is superb. Written in the first person, with little dialogue, it is the rumination of a life that was to end tragically. Pampered, spoiled, and fun loving, the beautiful Maria Antonia of Austria metamorphosed into Marie Antoinette of France upon her marriage to the Dauphin, who would eventually become King of France, the ineffectual, but benign, Louis XVI.

This is her story, grounded in historical fact and set within the framework of history. This work of fiction about the life of Marie Antoinette, as seen through her own eyes, is fascinating, as it captures the flavor of those uncertain times and the events that led to the French Revolution and the end of the monarchy in France. It is a reflection on how Marie Antoinette's own behavior influenced the fate of France. Indulging in the excesses of the day, she initially gave little thought as to how her actions might affect the people of France or the monarchy. By the time she realized that her actions and excesses had wide spread political ramifications, it was too late, and the fate of her and her husband was sealed. No amount of personal regret could change it.

This book will be enjoyed by those who enjoy good, well written historical fiction. It is little wonder that this book spent two months on the New York Times Best Seller List. It is simply historical fiction at its best.",5.0,2.0,289,Books
5,Affective Stance,Roget's Thesaurus is for anyone who is serious about writing.,Roget's Thesaurus is for anyone who is serious about writing. It is a perfect addition to one's home reference library.,5.0,2.0,20,Books
6,Contextual Framing,The only problem I have with this is that it,The only problem I have with this is that it reads too much like a soap opera script instead of a real story.,4.0,2.0,23,Books
6,Contextual Framing,Lord Fouls Bane is the start of a true classic,"Lord Fouls Bane is the start of a true classic fantasy series. Oh yeah, it's not for everybody.
I read this series when it was first released, after I finished ""Lord of the Rings"" for the 3rd time.  Anyway, I was expecting another LOTR type of story, but what I got was something completely different, very mature and very visceral. There aren't any pretty elves, funny dwarves or omniscient wizards, there are just people and strange beings with very strange abilities, trying to cope with tragedy and pure evil. The main character is an emotional cripple who also happens to be physically crippled by leprosy.  He can't accept his situation and his role, because to do so risks the progression of his disease.

For many people, getting through the first book is not easy, it requires patience and acceptance of the main character (something that is also required of the characters in this story).  Donaldson knows how to ratchet up the suspense and horror in a situation. The bad guys are brutal, vicious and believe in causing unbelievable pain to a person's soul -- there are some unforgettable chapters in this series that will stay with you forever. This fantasy series was ahead of its time when it came out in the late 70s and once you read it you will see how other authors have been influenced by it.

The payoff is in the next two books The Illearth War and the Power That Preserves. The main character's actions in the first book have repercussions in the next two books. I've read the series a few times and always looked at the first book as a necessary evil to get to the next two books.

It's a story about tragedy and redemption--Donaldson believes that people can change.",5.0,5.0,298,Books
6,Contextual Framing,This is a well made bag which can carry most,"This is a well made bag which can carry most all of your camera needs.  I found it works well to carry on my camera on airplane trips.  I can pack 3 lenses and a slr camera body.  Room for accessories and a way to strap on a small tripod makes this a good bag for hiking.

Well worth the cost for the value.",4.0,2.0,64,Electronics
6,Contextual Framing,That Hollywood hasn't scratched the surface of the depth of,"That Hollywood hasn't scratched the surface of the depth of Dracula's evil is a true testament to the stridence of this piece of great literature. Stoker's novel paints a much more brutal and erudite picture of Dracula than the movies have ever managed. Perhaps because, for some lowbrow pop culture reason, vampires are regarded as vessels of fashion first, at the expense of their potential menace and depth. We're more likely to see washboard stomachs and deep tans than we are to see anything resembling the eerily esoteric Count. Perhaps Stoker's character is simply too mysterious to be duplicated on screen, or perhaps Hollywood is too illiterate, or both.

For the uninitiated, the novel's surmounting terror lurches forward in the past tense, as told through correspondence. Steven King and William Peter Blatty have undoubtedly drawn much inspiration from this, as implied horror is most often the most horrifying of all. Readers might find some other stories more frightening, but they'd be hard-pressed to find anything more genuinely creepy. Dracula's evil might surprise even fans of the film genre. Don't expect to be comforted by pretty boys in Gucci.",5.0,3.0,188,Books
6,Contextual Framing,You can see other positive reviews of the etrex Legend,"You can see other positive reviews of the etrex Legend here, so I won't rehash them. The short story is that the Legend is a pretty decent GPS unit that works pretty well.
The base map included in the Legend only shows major highways and major streets. This is similar to the maps you get from a car rental agency. It's perfectly fine for doing rough navigation from city to city. At first, I tried using Rand McNally's StreetFinder and TripMaker Deluxe on my laptop with the Legend. The setup worked, but having to deal with the serial cable and using a laptop in the car was not very practical.
After I've had my Legend a while, I had a chance to borrow and use a Vista. The owner of the Vista upgraded it with detailed street-detail maps from Garmin's MapSource ""Metroguide USA"" CD .... The detailed street map is a really nice feature -- especially because you can look up addresses. Having such a detailed map in a small portable device is a delight! I decided to get the Metroguide for myself.
From my usage comparison, I found two things missing in the Legend compared to the top-end etrex Vista.
First, the Legend has only 8 MB of expansion memory instead of the 24 MB in the Vista. This turns out to be a big issue for me, as I would like to have a complete metro guide of the greater Los Angeles area. With 8 MB, I could only fit 6 of the 18 MetroGuide map sets that I would have liked. This means, I am missing coverage of a large section stretching roughly from Compton to Long Beach to Lynwood to Cerritos to Irvine that I would have wanted. In contrast, the Vista held all of greater Los Angeles area, plus some San Francisco, San Diego, and Las Vegas.
Second, the Vista has sensors for barometric altitude and magnetic compass heading. The Legend estimates altitude via GPS, and calculated heading based on your travel speed vector. If you are a trail-hiker, these sensors improve your navigation.
Used as-is from the factory (i.e., only the American basemaps), the Legend is perfectly fine, and I was quite happy with it.
I could live without the Vista's sensors;
But, having hit the 8 MB memory limit (trying to load Los Angeles), I would definitely go with the Vista now.
The Metroguide maps sizes of other cities may or may not be an issue for you. Go to the Garmin website and use their MapSourec Map Viewer and count the number of ""yellow squares"" you'll need to cover you area of interest. Each square roughly represents between 500K to 1.5 MB of data (with the smaller, ""dense"" squares being toward the 1 MB to 1.5MB size). You'll find that most of the big cities will have enough squares to easily exceed the 8 MB of the Legend.",4.0,468.0,486,Electronics
6,Contextual Framing,This book was given to me by a friend who,"This book was given to me by a friend who thought I might enjoy it.  She was right, though this book isn't exactly what I was expecting.  The author uses the framework of a visit by the Virgin Mary to explore a number of historical and philosophical themes.  How are truth, fact and story related, and how do they impact what we think of as history?  What is the role of doubt in faith?  How is our image of ourselves based on how we view our life story?  These are just some of the themes the narrator reflects on.  In addition, this book describes the stories of many of the Marian appearences, together with the stories of many saints where Mary plays a role.  Overall, this book serves as a collection of interesting stories while providing a great deal of material for further reflection and thought.",4.0,5.0,146,Books
6,Contextual Framing,I'm very surprised that this book is no longer in,"I'm very surprised that this book is no longer in print.  I thought every scrap of paper that Christie might have scribbled a few lines on is in print somewhere.  I suppose you could view these short stories about Mr. Quinn as a failure, because Christie stopped writing them early on.  I found them quite interesting, though, with their mysteries tinged with supernatural overtones.  If you can track down a copy, any Christie fan will not be disappointed.",4.0,2.0,78,Books
6,Contextual Framing,this really wasn't that bad.advise to george:finish the series.you're not,this really wasn't that bad.advise to george:finish the series.you're not young.you're going to die before you finish this series.you might want to get in touch brandon sanderson.,1.0,9.0,27,Books
6,Contextual Framing,The glossy covers have started gatting small white spots all,"The glossy covers have started gatting small white spots all over the pictures, and I have only used it for no more than 6 Month. BAD QUALITY, don't buy!!!",1.0,7.0,29,Electronics
6,Contextual Framing,I had been sitting on the fence about getting an,"I had been sitting on the fence about getting an optical mouse for quite some time. It is really hard to justify buying a $70 mouse; specially when there are so many models available.
I had been trying different models for several months and have to admit that this one not only feels right due to the ergonomic shape for right-hand use, it is well built.
Some other features I like is that it has 800 DPI (dots per inch) resolution, which makes it very acurate.
The short setup instructions are a must read, specially to have the wireless base detect the mouse. Luckily they are straight forward and easy (although small print) to read.
I have not yet tested this mouse for gaming but so far the response time is very fast (under Win2K using the USB port.) The instructions also point out that it works best on light matte surfaces, which might explain the complaints from other reviewers; it works just fine on printed fabric also.
Another feature I like is the third button close to the base. (the desk.) This makes it easier to grab the mouse without having to be overly cautions about clicking extra buttons like some models from the competition.
Highly recommended!",5.0,9.0,208,Electronics
7,Terse Evaluation,Well edited and well brought out on high quality paper.,"Well edited and well brought out on high quality paper.
However, when you consider buying a complete Shakespeare, think whether you want one with explanatory footnotes or not. If you do, buy the Norton or Pelican edition. If you want the bare text, buy the Oxford or Arden, which have a brief lexicon in back.",4.0,3.0,55,Books
7,Terse Evaluation,"As You Like It boasts one of Shakespeare's most vivid,","As You Like It boasts one of Shakespeare's most vivid, romantic, and just plain fun heroines, Rosalind.  She breaks all the rules and then makes up her own; she fools her true love into wooing her while he is absolutely  unaware of who she is.
Then there's Jaques.  Melancholy, cynical, yet  hysterical in his own way; pay special attention to his ""All the  world's a stage"" speech at the end of Act III.  And don't forget  Touchstone, the fool...
I don't want to give the plot away.  There are so  many surprises, so many unexpected twists-- this is one of Shakespeare's  more complicated (if not deeper) plays.  If at all possible, try to see at  least one performance of it.  The one I most recently saw had the entire  audience in stitches from the first act to the final, multiple weddings and  all.",5.0,2.0,143,Books
7,Terse Evaluation,"Junk, Only one ethernet port worked. Tech support sucked. Will","Junk, Only one ethernet port worked.  Tech support sucked.  Will stay away from net gear.  Purchased a china model for 10.00 cheaper and it works great.",1.0,2.0,26,Electronics
7,Terse Evaluation,"Louisa May Alcott wrote many books, but ""Little Women"" retains","Louisa May Alcott wrote many books, but ""Little Women"" retains a special place in the heart of American literature. Her warmly realistic stories, sense of comedy and tragedy, and insights into human nature make the romance, humor and sweet stories of ""Little Women"" come alive.

The four March girls -- practical Meg, rambunctious Jo, sweet Beth and childish artist Amy -- live in genteel poverty with their mother Marmee; their father is away in the Civil War. Despite having little money, the girls keep their spirits up with writing, gardening, homemade plays, and the occasional romp with wealthier pals. Their pal, ""poor little rich boy"" Laurie, joins in and becomes their adoptive brother, as the girls deal with Meg's first romance, Beth's life-threatening illness, and fears for their father's safety.

The second half of the book opens with Meg's wedding (if not to the man of her dreams, then to the man she loves). Things rapidly go awry after the wedding, when Laurie admits his true feelings to Jo -- only to be rejected. Distraught, he leaves; Amy also leaves on a trip to Europe with a picky old relative. Despite the deterioration of Beth's health, Jo makes her way into a job as a governess, seeking to put her treasured writing into print -- and finds her destiny as well.

There's a clearly autobiographical tone to ""Little Women."" Not surprising -- the March girls really are like the girls next door. Alcott wrote them with flaws and strengths, and their misadventures -- like Amy's embarrassing problem with her huge lobster -- have the feeling of authenticity. How much of it is real? A passage late in the book portrays Alcott -- in the form of Jo -- ""scribbling"" down the book itself, and getting it published because it feels so real and true.

Sure, usually classics are hard to read. But ""Little Women"" is mainly daunting because of its length; the actual stories flow nicely and smoothly. Don't think it's just a book for teenage girls, either -- adults and boys can appreciate it as well. There's something for everyone: drama, romance, humor, sad and happy endings alike.

Alcott's writing itself is nicely detailed. While certain items are no longer in common use (what IS a charabanc anyway?), Alcott's stories themselves seem very fresh and could easily be seen in a modern home. And as nauseating as ""heartwarming"" stories sometimes are, these definitely qualify. Sometimes, especially in the beginning, Alcott is a bit too preachy and hamhanded. But her touch becomes defter as she writes on.

Jo is the quintessential tomboy, and the best character in the book: rough, gawky, fun-loving, impulsive, with a love of literature and a mouth that is slightly too big. Meg's love of luxury adds a flaw to the ""perfect little homemaker"" image, and Beth just avoids being shown as too saintly. Amy is an annoying little brat throughout much of the first half of the book, but by her teens she's almost as good as Jo.

""Little Women"" is one of those rare classic novels that is still relevant, funny, fresh and heartbreaking today. Louisa May Alcott's best-known novel is a magnificent achievement.",5.0,92.0,530,Books
7,Terse Evaluation,"FOR PETE'S SAKE! THIS IS NOT A 3, 4 OR","FOR PETE'S SAKE!  THIS IS NOT A 3, 4 OR 5 STAR BOOK!!!!  At best it is a 2 star book.  Yes, it has a plot.  YEA!!!!!!!  Yes, Anita manages to get out of the bedroom.  YEA!!!!!!( THAT'S THE ONLY REASON FOR THE 2 STARS). That's where it ends.  If she's not having sex, she's mostly talking about sex.  LKH has thrown former characters in like confetti.  Yes the cops make an apperance.  For like 5 pages(takes longer for the badly written sex).  Yes Cheri makes an appearance and it's a very short one.  The editing, again, SUCKS.  Writers usually improve over time, but for some reason, give them a hard back, more money and the author thinks they are entitled to insult their readers writting what should be tossed.  I mean, do you really want to ready about Belle Morte having sex with Anita?  Do you really want to read about Anita having sex with a swan?  AND YES, THE FEATHERS DO LITTERALY FLY!  Sorry, but I don't do beastiality.  If one of my favorite authors released one book I don't care for, that's ok.  But, when there's 3 books that are bad and no end in sight, I just don't think so.  I was teased by the offer of a plot and was stupid enough to bite.  NO MORE!  I've had it with the series and with her.  If I want to read erotica, and I do read it sometimes,  I'll buy something that's at least written very well.  Kudo's to LKH.  Lost another one.",2.0,48.0,257,Books
7,Terse Evaluation,Majority of tapes were of low quality. Used in three,Majority of tapes were of low quality.  Used in three different VCRs and tapes recorded with poor quality and played off track.  The edges were dragging onto bottom of case.  Probably old stock.  Not cost effective to return.  Thrown away.  Will buy local in the future.,2.0,2.0,46,Electronics
7,Terse Evaluation,It is unclear to us why Chris experienced formatting problems.,"It is unclear to us why Chris experienced formatting problems. Amazon
product pages sometimes mix reviews for several books with identical title. Maybe this review belongs to a book published by another publisher. In any case we assure you that MobileReference book does not have any formatting errors. The MobileReference book was carefully checked for accuracy and completeness by a team of experts and tested on both Kindle 1 and Kindle 2.

The book formatting nicely follows verse structure as long as you adjust the font-size to level 1 or 2. At a greater font-size some lines may be split. Please download the Free demo to test formatting.

MobileReference",5.0,7.0,109,Books
7,Terse Evaluation,"""Take care my skirt don't trip you up..."" ""Don't Meg","""Take care my skirt don't trip you up...""

""Don't Meg pull fair?""

""Oh, yes she tries to but she don't love Bethy as I do...""

If you're looking for a copy of Little Women with lots of colorful illustrations don't buy this copy there are none.

If you're looking for a copy with extra information about the author don't buy this one there's only a very short paragraph at the end about Louisa May Alcott that comes after the 15 ""book discussion"" type questions that are not very useful to an independant reader.

I was not impressed with the wording of this Sterling Publishing edition of this beloved children's classic. I've read other editions of Little Women and don't remember the word don't being used so poorly throughout the novel as it was in this edition. Are these the original words of Louisa May Alcott or don't people know how to use proper English back in the 1860's?",2.0,5.0,158,Books
7,Terse Evaluation,Slow moving story line. Not one of her best books.,Slow moving story line.  Not one of her best books.  Kept reading and stopping as plot line could not hold my interest.  Plot was predictable.  Finally finished with dissappointment in the ending.,2.0,2.0,32,Books
7,Terse Evaluation,"These are great headphones, and extremely comfortable. But to add","These are great headphones, and extremely comfortable.  But to add real life into your music, especially out of the confines of the clasical genre, grab a pair of Sennheiser HD-600's...The sound those headphones create is near perfection.  They are often used as a reference for recording engineers, and audiophiles.  The extra [price] is very much worth it. ...these headphones are great for classical music, but if you are primarily a rock listner you might want to check out the Grado SR-325's.  I would also recommend going and auditioning this type of headphone before you buy.",3.0,10.0,95,Electronics
